-25,5.75584022016067
-24.9755740107474,5.65912842245356
-24.9511480214949,5.54713662772177
-24.9267220322423,5.42032985228101
-24.9022960429897,5.27923373092312
-24.8778700537372,5.12443198514509
-24.8534440644846,4.95656361404008
-24.829018075232,4.77631982220906
-24.8045920859795,4.58444070038821
-24.7801660967269,4.38171167574167
-24.7557401074744,4.16895974993565
-24.7313141182218,3.94704954417934
-24.7068881289692,3.7168791713892
-24.6824621397167,3.47937595649681
-24.6580361504641,3.23549202667429
-24.6336101612115,2.98619979389262
-24.609184171959,2.73248735274955
-24.5847581827064,2.47535381690668
-24.5603321934538,2.21580461775706
-24.5359062042013,1.95484678909944
-24.5114802149487,1.6934842616306
-24.4870542256961,1.43271319097415
-24.4626282364436,1.17351734274898
-24.438202247191,0.916863557844548
-24.4137762579384,0.663697320609325
-24.3893502686859,0.414938452085119
-24.3649242794333,0.171476949726837
-24.3404982901808,-0.0658310057548033
-24.3160723009282,-0.296166856698156
-24.2916463116756,-0.518753269226916
-24.2672203224231,-0.732857510807073
-24.2427943331705,-0.937794588213625
-24.2183683439179,-1.13293013077757
-24.1939423546654,-1.31768300514345
-24.1695163654128,-1.49152764919694
-24.1450903761602,-1.6539961143144
-24.1206643869077,-1.80467980663112
-24.0962383976551,-1.94323091961879
-24.0718124084025,-2.06936355189093
-24.04738641915,-2.18285450581487
-24.0229604298974,-2.28354376418723
-23.9985344406448,-2.3713346439195
-23.9741084513923,-2.44619362737322
-23.9496824621397,-2.50814987366878
-23.9252564728872,-2.55729441396219
-23.9008304836346,-2.59377903632876
-23.876404494382,-2.61781486750462
-23.8519785051295,-2.62967066030699
-23.8275525158769,-2.62967079707372
-23.8031265266243,-2.61819302092488
-23.7787005373718,-2.59566590804467
-23.7542745481192,-2.56256609550509
-23.7298485588666,-2.51941528039545
-23.7054225696141,-2.46677700717794
-23.6809965803615,-2.40525326125323
-23.6565705911089,-2.33548088768534
-23.6321446018564,-2.2581278548974
-23.6077186126038,-2.17388938390443
-23.5832926233512,-2.08348396429293
-23.5588666340987,-1.98764927868497
-23.5344406448461,-1.88713805783607
-23.5100146555936,-1.78271388880775
-23.485588666341,-1.67514699882659
-23.4611626770884,-1.56521003749106
-23.4367366878359,-1.45367387991564
-23.4123106985833,-1.34130347320818
-23.3878847093307,-1.22885374836423
-23.3634587200782,-1.11706561923113
-23.3390327308256,-1.00666208964826
-23.314606741573,-0.898344489212478
-23.2901807523205,-0.792788857349755
-23.2657547630679,-0.690642494503955
-23.2413287738153,-0.592520698282508
-23.2169027845628,-0.499003701334611
-23.1924767953102,-0.410633826584807
-23.1680508060576,-0.32791287421056
-23.1436248168051,-0.251299753442733
-23.1191988275525,-0.1812083708913
-23.0947728383,-0.118005785660408
-23.0703468490474,-0.0620106400278122
-23.0459208597948,-0.0134918729291101
-23.0214948705423,0.0273322780827461
-22.9970688812897,0.0602949823292471
-22.9726428920371,0.08528122649254
-22.9482169027846,0.102227929264645
-22.923790913532,0.111123760955548
-22.8993649242794,0.112008670475148
-22.8749389350269,0.104973123706698
-22.8505129457743,0.0901570588669167
-22.8260869565217,0.0677485659916148
-22.8016609672692,0.0379822991873655
-22.7772349780166,0.00113763174107895
-22.752808988764,-0.0424634344270614
-22.7283829995115,-0.0924585921542366
-22.7039570102589,-0.148447771200653
-22.6795310210064,-0.209995883946139
-22.6551050317538,-0.276635758283466
-22.6306790425012,-0.347871240375671
-22.6062530532487,-0.42318044904341
-22.5818270639961,-0.502019162748163
-22.5574010747435,-0.583824319443654
-22.532975085491,-0.66801760898376
-22.5085490962384,-0.754009137303345
-22.4841231069858,-0.841201141233019
-22.4596971177333,-0.928991732569006
-22.4352711284807,-1.0167786498989
-22.4108451392281,-1.10396299668211
-22.3864191499756,-1.18995294420004
-22.361993160723,-1.2741673782262
-22.3375671714704,-1.35603946861784
-22.3131411822179,-1.43502014149591
-22.2887151929653,-1.51058143425925
-22.2642892037127,-1.58221971436438
-22.2398632144602,-1.64945874359494
-22.2154372252076,-1.71185257043615
-22.1910112359551,-1.76898823415804
-22.1665852467025,-1.82048826528848
-22.1421592574499,-1.86601296831972
-22.1177332681974,-1.90526247373132
-22.0933072789448,-1.93797854772358
-22.0688812896922,-1.9639461494299
-22.0444553004397,-1.98299472680712
-22.0200293111871,-1.99499924388205
-21.9956033219345,-1.99988093355133
-21.971177332682,-1.99760777168304
-21.9467513434294,-1.98819466984265
-21.9223253541768,-1.97170338555504
-21.8978993649243,-1.94824215060934
-21.8734733756717,-1.91796501950552
-21.8490473864192,-1.88107094172243
-21.8246213971666,-1.83780256304757
-21.800195407914,-1.78844476274053
-21.7757694186615,-1.73332293479669
-21.7513434294089,-1.67280102302705
-21.7269174401563,-1.60727932106576
-21.7024914509038,-1.53719204975209
-21.6780654616512,-1.46300472559972
-21.6536394723986,-1.38521133525765
-21.6292134831461,-1.3043313319764
-21.6047874938935,-1.2209064711139
-21.5803615046409,-1.13549750264397
-21.5559355153884,-1.04868073945828
-21.5315095261358,-0.961044520978496
-21.5070835368832,-0.873185592213525
-21.4826575476307,-0.785705418903291
-21.4582315583781,-0.699206459784652
-21.4338055691255,-0.614288417291926
-21.409379579873,-0.53154448816442
-21.3849535906204,-0.451557635475182
-21.3605276013679,-0.374896903516841
-21.3361016121153,-0.302113796785149
-21.3116756228627,-0.233738743986676
-21.2872496336102,-0.170277667567557
-21.2628236443576,-0.112208678717212
-21.238397655105,-0.0599789171463457
-21.2139716658525,-0.0140015541772074
-21.1895456765999,0.0253470231808877
-21.1651196873473,0.0577298304615987
-21.1406936980948,0.0828516906249954
-21.1162677088422,0.100461411087663
-21.0918417195896,0.110353719619652
-21.0674157303371,0.112370947130528
-21.0429897410845,0.106404446737291
-21.0185637518319,0.0923957399379611
-20.9941377625794,0.0703373821989786
-20.9697117733268,0.0402735417937767
-20.9452857840743,0.00230028729615239
-20.9208597948217,-0.0434344192735268
-20.8964338055691,-0.0967310250371188
-20.8720078163166,-0.157338984344904
-20.847581827064,-0.224957650494651
-20.8231558378114,-0.299237457597921
-20.7987298485589,-0.379781387503049
-20.7743038593063,-0.466146715103338
-20.7498778700537,-0.55784702381033
-20.7254518808012,-0.65435448146581
-20.7010258915486,-0.755102365507958
-20.676599902296,-0.859487824807596
-20.6521739130435,-0.966874864255232
-20.6277479237909,-1.07659753691702
-20.6033219345384,-1.18796332739497
-20.5788959452858,-1.3002567089286
-20.5544699560332,-1.4127428557707
-20.5300439667807,-1.52467149146137
-20.5056179775281,-1.63528085281906
-20.4811919882755,-1.74380174876957
-20.456765999023,-1.8494616925457
-20.4323400097704,-1.95148908531789
-20.4079140205178,-2.04911742896003
-20.3834880312653,-2.14158954541714
-20.3590620420127,-2.22816178002636
-20.3346360527601,-2.30810816614666
-20.3102100635076,-2.38072452858049
-20.285784074255,-2.44533250351757
-20.2613580850024,-2.5012834530993
-20.2369320957499,-2.54796225318802
-20.2125061064973,-2.58479093352712
-20.1880801172447,-2.61123215019253
-20.1636541279922,-2.62679247105944
-20.1392281387396,-2.63102545593678
-20.1148021494871,-2.62353451404998
-20.0903761602345,-2.60397552267601
-20.0659501709819,-2.57205919194633
-20.0415241817294,-2.52755316212792
-20.0170981924768,-2.47028382106273
-19.9926722032242,-2.4001378308844
-19.9682462139717,-2.3170633546309
-19.9438202247191,-2.22107097492408
-19.9193942354665,-2.11223429848521
-19.894968246214,-1.99069024188847
-19.8705422569614,-1.85663899561745
-19.8461162677088,-1.71034366516882
-19.8216902784563,-1.55212958963942
-19.7972642892037,-1.38238333992398
-19.7728382999511,-1.20155140033454
-19.7484123106986,-1.01013853912065
-19.723986321446,-0.808705875009318
-19.6995603321935,-0.597868648491953
-19.6751343429409,-0.378293708148512
-19.6507083536883,-0.150696723811867
-19.6262823644358,0.0841608601712496
-19.6018563751832,0.325475116941365
-19.5774303859306,0.572403158435509
-19.5530043966781,0.824066868822095
-19.5285784074255,1.07955683173762
-19.5041524181729,1.337936431953
-19.4797264289204,1.59824611115237
-19.4553004396678,1.8595077566634
-19.4308744504152,2.12072920124684
-19.4064484611627,2.38090881143475
-19.3820224719101,2.63904014140375
-19.3575964826575,2.89411662898975
-19.333170493405,3.14513631018858
-19.3087445041524,3.3911065283517
-19.2843185148999,3.63104861427341
-19.2598925256473,3.86400251347658
-19.2354665363947,4.08903133724181
-19.2110405471422,4.30522581428071
-19.1866145578896,4.5117086204352
-19.162188568637,4.70763856438101
-19.1377625793845,4.89221460802737
-19.1133365901319,5.06467970112887
-19.0889106008793,5.22432441055764
-19.0644846116268,5.37049032571873
-19.0400586223742,5.50257322272293
-19.0156326331216,5.62002597115429
-18.9912066438691,5.7223611685773
-18.9667806546165,5.80915348931418
-18.9423546653639,5.88004173547953
-18.9179286761114,5.93473057977876
-18.8935026868588,5.97299199115117
-18.8690766976063,5.99466633596098
-18.8446507083537,5.99966314909993
-18.8202247191011,5.98796157104052
-18.7957987298486,5.95961044863769
-18.771372740596,5.91472809910906
-18.7469467513434,5.85350173844974
-18.7225207620909,5.77618657718443
-18.6980947728383,5.68310458809213
-18.6736687835857,5.57464295221293
-18.6492427943332,5.45125219108767
-18.6248168050806,5.31344399479142
-18.600390815828,5.16178875686902
-18.5759648265755,4.99691282877956
-18.5515388373229,4.8194955078847
-18.5271128480703,4.63026577437057
-18.5026868588178,4.42999879376817
-18.4782608695652,4.21951220292324
-18.4538348803127,3.99966219836081
-18.4294088910601,3.77133944698305
-18.4049829018075,3.53546483992815
-18.380556912555,3.29298511119953
-18.3561309233024,3.04486834333952
-18.3317049340498,2.79209938297446
-18.3072789447973,2.53567518948724
-18.2828529555447,2.27660014038291
-18.2584269662921,2.01588131710003
-18.2340009770396,1.75452379508064
-18.209574987787,1.49352596185065
-18.1851489985344,1.23387488667574
-18.1607230092819,0.976541765047735
-18.1362970200293,0.722477460828047
-18.1118710307767,0.472608168323714
-18.0874450415242,0.227831215908438
-18.0630190522716,-0.0109889679767853
-18.0385930630191,-0.243024706492894
-18.0141670737665,-0.4674887247798
-17.9897410845139,-0.683637581164239
-17.9653150952614,-0.890774862499043
-17.9408891060088,-1.08825412819824
-17.9164631167562,-1.27548158887366
-17.8920371275037,-1.45191850689355
-17.8676111382511,-1.61708330766007
-17.8431851489985,-1.7705533919385
-17.818759159746,-1.91196664115158
-17.7943331704934,-2.04102260917498
-17.7699071812408,-2.15748339582265
-17.7454811919883,-2.26117419888518
-17.7210552027357,-2.35198354327309
-17.6966292134831,-2.42986318750882
-17.6722032242306,-2.49482770949935
-17.647777234978,-2.54695377519548
-17.6233512457255,-2.58637909539486
-17.5989252564729,-2.61330107756698
-17.5744992672203,-2.62797518115811
-17.5500732779678,-2.63071298636691
-17.5256472887152,-2.62187998785725
-17.5012212994626,-2.60189312628702
-17.4767953102101,-2.57121807187205
-17.4523693209575,-2.53036627546645
-17.4279433317049,-2.47989180381774
-17.4035173424524,-2.42038797674061
-17.3790913531998,-2.35248382494227
-17.3546653639472,-2.27684038811893
-17.3302393746947,-2.19414687372329
-17.3058133854421,-2.10511669747243
-17.2813873961895,-2.01048342722091
-17.256961406937,-1.91099665226311
-17.2325354176844,-1.80741780044793
-17.2081094284319,-1.7005159256889
-17.1836834391793,-1.59106348853029
-17.1592574499267,-1.47983215238611
-17.1348314606742,-1.36758861790441
-17.1104054714216,-1.25509051762361
-17.085979482169,-1.14308239268515
-17.0615534929165,-1.03229177284669
-17.0371275036639,-0.923425380407966
-17.0127015144113,-0.817165477919651
-16.9882755251588,-0.714166378698098
-16.9638495359062,-0.615051138221602
-16.9394235466536,-0.520408443440213
-16.9149975574011,-0.430789715899025
-16.8905715681485,-0.346706443358616
-16.8661455788959,-0.26862775330409
-16.8417195896434,-0.196978240372141
-16.8172936003908,-0.132136058301318
-16.7928676111382,-0.0744312855325633
-16.7684416218857,-0.0241445720624811
-16.7440156326331,0.0184939264106228
-16.7195896433806,0.053305322599476
-16.695163654128,0.0801624771635971
-16.6707376648754,0.0989901824565349
-16.6463116756229,0.109765050900723
-16.6218856863703,0.112515110027764
-16.5974596971177,0.107319107829404
-16.5730337078652,0.0943055336485423
-16.5486077186126,0.0736513613919756
-16.52418172936,0.0455805233587636
-16.4997557401075,0.0103621244420484
-16.4753297508549,-0.0316915921303355
-16.4509037616023,-0.0802275150071081
-16.4264777723498,-0.134854157094607
-16.4020517830972,-0.195144355130819
-16.3776257938447,-0.260638160364603
-16.3531998045921,-0.330845903232497
-16.3287738153395,-0.405251414000347
-16.304347826087,-0.483315380513487
-16.2799218368344,-0.564478823480003
-16.2554958475818,-0.648166669101746
-16.2310698583293,-0.733791398369773
-16.2066438690767,-0.820756751957463
-16.1822178798241,-0.908461469378278
-16.1577918905716,-0.996303040926288
-16.133365901319,-1.08368145088813
-16.1089399120664,-1.17000289060365
-16.0845139228139,-1.25468342016016
-16.0600879335613,-1.33715255782905
-16.0356619443087,-1.41685677679335
-16.0112359550562,-1.49326288926641
-15.9868099658036,-1.5658612987639
-15.9623839765511,-1.63416910205846
-15.9379579872985,-1.69773302321552
-15.9135319980459,-1.75613216307501
-15.8891060087934,-1.80898054860041
-15.8646800195408,-1.85592946766005
-15.8402540302882,-1.89666957602749
-15.8158280410357,-1.93093276468283
-15.7914020517831,-1.95849377685696
-15.7669760625305,-1.97917156567901
-15.742550073278,-1.99283038475576
-15.7181240840254,-1.99938060552215
-15.6936980947728,-1.9987792567465
-15.6692721055203,-1.99103028314376
-15.6448461162677,-1.97618452163629
-15.6204201270151,-1.95433939539629
-15.5959941377626,-1.9256383273976
-15.57156814851,-1.89026987678887
-15.5471421592575,-1.8484666029658
-15.5227161700049,-1.8005036637599
-15.4982901807523,-1.7466971556649
-15.4738641914998,-1.68740220548237
-15.4494382022472,-1.62301082417765
-15.4250122129946,-1.55394953508645
-15.4005862237421,-1.48067678989584
-15.3761602344895,-1.4036801870328
-15.3517342452369,-1.32347350822226
-15.3273082559844,-1.24059359001903
-15.3028822667318,-1.15559704806817
-15.2784562774792,-1.0690568727002
-15.2540302882267,-0.981558915218116
-15.2296042989741,-0.893698284876203
-15.2051783097215,-0.80607567708404
-15.180752320469,-0.719293653789392
-15.1563263312164,-0.633952897298352
-15.1319003419638,-0.550648458978375
-15.1074743527113,-0.469966024359092
-15.0830483634587,-0.39247821609606
-15.0586223742062,-0.318740956093858
-15.0341963849536,-0.249289907799085
-15.009770395701,-0.184637019270707
-14.9853444064485,-0.125267187118506
-14.9609184171959,-0.0716350607716445
-14.9364924279433,-0.0241620058026474
-14.9120664386908,0.016766755809251
-14.8876404494382,0.0508048115323299
-14.8632144601856,0.0776470143471157
-14.8387884709331,0.097031714239731
-14.8143624816805,0.108742751550384
-14.7899364924279,0.1126111998888
-14.7655105031754,0.108516847683428
-14.7410845139228,0.096389408848895
-14.7166585246702,0.0762094545287553
-14.6922325354177,0.0480090593900939
-14.6678065461651,0.0118721575048242
-14.6433805569126,-0.0320653955588295
-14.61895456766,-0.0836160562008252
-14.5945285784074,-0.142541121952501
-14.5701025891549,-0.208551554853589
-14.5456765999023,-0.281309095935209
-14.5212506106497,-0.360427666091291
-14.4968246213972,-0.445475047033579
-14.4723986321446,-0.535974834468606
-14.447972642892,-0.631408654117904
-14.4235466536395,-0.731218629732758
-14.3991206643869,-0.834810090840816
-14.3746946751343,-0.941554506610837
-14.3502686858818,-1.05079263094203
-14.3258426966292,-1.16183784268191
-14.3014167073766,-1.2739796637585
-14.2769907181241,-1.38648743698584
-14.2525647288715,-1.4986141443698
-14.228138739619,-1.60960034591214
-14.2037127503664,-1.71867821818648
-14.1792867611138,-1.82507567134668
-14.1548607718613,-1.92802052272754
-14.1304347826087,-2.02674470481467
-14.1060087933561,-2.12048848509525
-14.0815828041036,-2.20850467515667
-14.057156814851,-2.29006280637722
-14.0327308255984,-2.36445324965086
-14.0083048363459,-2.43099125680805
-13.9838788470933,-2.48902090173434
-13.9594528578407,-2.53791889964697
-13.9350268685882,-2.57709828356488
-13.9106008793356,-2.60601191769548
-13.886174890083,-2.62415582826063
-13.8617489008305,-2.63107233318774
-13.8373229115779,-2.62635295309818
-13.8128969223254,-2.60964108712598
-13.7884709330728,-2.58063443829202
-13.7640449438202,-2.53908717443438
-13.7396189545677,-2.48481181204856
-13.7151929653151,-2.41768081181494
-13.6907669760625,-2.33762787607632
-13.66634098681,-2.24464894007002
-13.6419149975574,-2.13880285030628
-13.6174890083048,-2.020211725111
-13.5930630190523,-1.88906099400714
-13.5686370297997,-1.74559911428568
-13.5442110405471,-1.59013696480639
-13.5197850512946,-1.42304691876113
-13.495359062042,-1.24476159881865
-13.4709330727894,-1.05577231974216
-13.4465070835369,-0.856627225218376
-13.4220810942843,-0.647929127253088
-13.3976551050318,-0.430333058062586
-13.3732291157792,-0.204543545915856
-13.3488031265266,0.0286883721503648
-13.3243771372741,0.268568386418909
-13.2999511480215,0.51426238372776
-13.2755251587689,0.764900132951082
-13.2510991695164,1.01957916865935
-13.2266731802638,1.27736885382367
-13.2022471910112,1.53731460145779
-13.1778212017587,1.79844223422459
-13.1533952125061,2.05976246027599
-13.1289692232535,2.3202754429488
-13.104543234001,2.57897544141099
-13.0801172447484,2.83485549894157
-13.0556912554958,3.08691215523966
-13.0312652662433,3.33415015899188
-13.0068392769907,3.57558715688637
-12.9824132877382,3.81025833534385
-12.9579872984856,4.03722099144354
-12.933561309233,4.25555900985105
-12.9091353199805,4.46438722300675
-12.8847093307279,4.66285563240318
-12.8602833414753,4.85015346946662
-12.8358573522228,5.02551307535636
-12.8114313629702,5.18821357990279
-12.7870053737176,5.33758436091689
-12.7625793844651,5.473008266212
-12.7381533952125,5.59392458188221
-12.7137274059599,5.69983173166919
-12.6893014167074,5.79028969361796
-12.6648754274548,5.86492212166239
-12.6404494382022,5.92341816128687
-12.6160234489497,5.96553394997212
-12.5915974596971,5.99109379474724
-12.5671714704446,5.99999102082122
-12.542745481192,5.9921884869213
-12.5183194919394,5.96771876478812
-12.4938935026869,5.92668398175744
-12.4694675134343,5.86925532738776
-12.4450415241817,5.79567222656706
-12.4206155349292,5.70624118336388
-12.3961895456766,5.60133430153694
-12.371763556424,5.4813874892762
-12.3473375671715,5.34689835736225
-12.3229115779189,5.1984238214971
-12.2984855886663,5.03657742106806
-12.2740595994138,4.86202636805303
-12.2496336101612,4.675488341147
-12.2252076209086,4.47772804148419
-12.2007816316561,4.26955352753848
-12.1763556424035,4.05181234789981
-12.151929653151,3.82538749164256
-12.1275036638984,3.59119317691584
-12.1030776746458,3.35017049919164
-12.0786516853933,3.10328296130085
-12.0542256961407,2.85151190796493
-12.0297997068881,2.59585188799013
-12.0053737176356,2.33730596762861
-11.980947728383,2.07688101882622
-11.9565217391304,1.81558300616719
-11.9320957498779,1.55441229629278
-11.9076697606253,1.29435901341359
-11.8832437713727,1.03639846425407
-11.8588177821202,0.781486655366382
-11.8343917928676,0.530555925228398
-11.809965803615,0.284510712903488
-11.7855398143625,0.0442234842881188
-11.7611138251099,-0.18946916388647
-11.7366878358574,-0.415770203096169
-11.7122618466048,-0.633925656970846
-11.6878358573522,-0.843227853163622
-11.6634098680997,-1.04301842740456
-11.6389838788471,-1.23269106532439
-11.6145578895945,-1.41169396903194
-11.590131900342,-1.57953203689254
-11.5657059110894,-1.73576874647609
-11.5412799218368,-1.88002773221569
-11.5168539325843,-2.01199405093053
-11.4924279433317,-2.1314151300132
-11.4680019540791,-2.23810139475208
-11.4435759648266,-2.33192657294542
-11.419149975574,-2.41282767665583
-11.3947239863214,-2.48080466264362
-11.3702979970689,-2.53591977469538
-11.3458720078163,-2.57829657272216
-11.3214460185638,-2.60811865512952
-11.2970200293112,-2.62562808255273
-11.2725940400586,-2.63112351259434
-11.2481680508061,-2.62495805669149
-11.2237420615535,-2.60753687166784
-11.1993160723009,-2.57931449988294
-11.1748900830484,-2.540791973173
-11.1504640937958,-2.49251369697413
-11.1260381045432,-2.43506413212712
-11.1016121152907,-2.36906429287437
-11.0771861260381,-2.29516808047085
-11.0527601367855,-2.21405847263655
-11.028334147533,-2.12644358977327
-11.0039081582804,-2.03305265945143
-10.9794821690278,-1.93463190113871
-10.9550561797753,-1.83194035348998
-10.9306301905227,-1.72574566674552
-10.9062042012702,-1.61681988289118
-10.8817782120176,-1.50593522621819
-10.857352222765,-1.39385992678433
-10.8329262335125,-1.2813540990207
-10.8085002442599,-1.16916569735277
-10.7840742550073,-1.05802657021164
-10.7596482657548,-0.94864863320533
-10.7352222765022,-0.841720181503249
-10.7107962872496,-0.737902360663904
-10.6863702979971,-0.637825814211515
-10.6619443087445,-0.542087525245523
-10.6375183194919,-0.451247868255151
-10.6130923302394,-0.365827886113897
-10.5886663409868,-0.286306805953856
-10.5642403517342,-0.213119806273145
-10.5398143624817,-0.14665604621958
-10.5153883732291,-0.0872569665273878
-10.4909623839766,-0.0352148700692732
-10.466536394724,0.0092282115681801
-10.4421104054714,0.0458813606633461
-10.4176844162189,0.074605321878775
-10.3932584269663,0.0953127551291839
-10.3688324377137,0.107968192834307
-10.3444064484612,0.112587703216567
-10.3199804592086,0.109238262915105
-10.295554469956,0.0980368437779395
-10.2711284807035,0.0791492202546442
-10.2467024914509,0.052788505334187
-10.2222765021983,0.0192134244485178
-10.1978505129458,-0.0212736618160929
-10.1734245236932,-0.0683289739985145
-10.1489985344406,-0.121569755541587
-10.1245725451881,-0.180576925365129
-10.1001465559355,-0.244897925397231
-10.0757205666829,-0.314049746185828
-10.0512945774304,-0.387522112765282
-10.0268685881778,-0.464780812104748
-10.0024425989253,-0.545271142721208
-9.97801660967269,-0.628421466404487
-9.95359062042013,-0.713646841476942
-9.92916463116756,-0.800352716600436
-9.904738641915,-0.887938663849051
-9.88031265266243,-0.975802129590026
-9.85588666340987,-1.0633421816576
-9.8314606741573,-1.14996323136592
-9.80703468490474,-1.23507870908668
-9.78260869565217,-1.31811467241447
-9.75818270639961,-1.39851332635519
-9.73375671714704,-1.47573643549918
-9.70933072789448,-1.5492686087768
-9.68490473864192,-1.61862043813739
-9.66047874938935,-1.68333147333831
-9.63605276013678,-1.74297301597458
-9.61162677088422,-1.79715071691574
-9.58720078163166,-1.8455069624407
-9.56277479237909,-1.88772303556477
-9.53834880312653,-1.92352104033249
-9.51392281387396,-1.95266557819478
-9.4894968246214,-1.97496516699464
-9.46507083536883,-1.99027339454313
-9.44064484611627,-1.99848980026845
-9.4162188568637,-1.99956047995851
-9.39179286761114,-1.99347841018167
-9.36736687835857,-1.98028349055359
-9.34294088910601,-1.96006230361166
-9.31851489985344,-1.9329475936528
-9.29408891060088,-1.89911746747797
-9.26966292134832,-1.85879432155739
-9.24523693209575,-1.81224350167701
-9.22081094284319,-1.75977170263973
-9.19638495359062,-1.70172511706617
-9.17195896433806,-1.63848734376162
-9.14753297508549,-1.57047706748018
-9.12310698583293,-1.49814552321647
-9.09868099658036,-1.42197375938221
-9.0742550073278,-1.34246971537365
-9.04982901807523,-1.26016513009883
-9.02540302882267,-1.17561229900559
-9.0009770395701,-1.08938069802698
-8.97655105031754,-1.00205349363496
-8.95212506106497,-0.914223958861839
-8.92769907181241,-0.826491815708483
-8.90327308255984,-0.739459524804812
-8.87884709330728,-0.653728543520439
-8.85442110405472,-0.569895573937689
-8.82999511480215,-0.488548822196583
-8.80556912554959,-0.410264290699021
-8.78114313629702,-0.335602124518595
-8.75671714704445,-0.265103033104014
-8.73229115779189,-0.199284807987806
-8.70786516853932,-0.13863895672212
-8.68343917928676,-0.0836274726602267
-8.6590131900342,-0.0346797594904906
-8.63458720078163,0.00781027138732626
-8.61016121152907,0.0434869134720512
-8.5857352222765,0.0720351716001089
-8.56130923302394,0.0931830471609938
-8.53688324377137,0.106703588226481
-8.51245725451881,0.112416691998482
-8.48803126526624,0.110190648320026
-8.46360527601368,0.0999434143974642
-8.43917928676111,0.0816436123424211
-8.41475329750855,0.055311242651308
-8.39032730825598,0.0210181082901983
-8.36590131900342,-0.0211120543648167
-8.34147532975085,-0.0709037398756907
-8.31704934049829,-0.128130133901465
-8.29262335124573,-0.192513868063704
-8.26819736199316,-0.263728066788573
-8.2437713727406,-0.341397681782432
-8.21934538348803,-0.425101108204583
-8.19491939423547,-0.514372075035842
-8.1704934049829,-0.608701800614699
-8.14606741573034,-0.707541402831265
-8.12164142647777,-0.810304552040864
-8.09721543722521,-0.916370353393578
-8.07278944797264,-1.02508644397805
-8.04836345872008,-1.13577228895719
-8.02393746946751,-1.24772265973525
-7.99951148021495,-1.36021127614602
-7.97508549096239,-1.47249459369874
-7.95065950170982,-1.58381571606335
-7.92623351245726,-1.69340841222862
-7.90180752320469,-1.80050121712677
-7.87738153395212,-1.90432159399094
-7.85295554469956,-2.00410013630153
-7.82852955544699,-2.09907478688417
-7.80410356619443,-2.18849505154934
-7.77967757694186,-2.27162618461229
-7.7552515876893,-2.34775332370149
-7.73082559843674,-2.41618555145551
-7.70639960918417,-2.47625986201974
-7.68197361993161,-2.52734501068586
-7.65754763067904,-2.5688452255646
-7.63312164142648,-2.60020376084463
-7.60869565217391,-2.62090627196345
-7.58426966292135,-2.63048399389628
-7.55984367366878,-2.62851670475084
-7.53541768441622,-2.61463545793596
-7.51099169516365,-2.58852506734262
-7.48656570591109,-2.54992633123316
-7.46213971665852,-2.49863798186967
-7.43771372740596,-2.43451834932042
-7.4132877381534,-2.35748672935503
-7.38886174890083,-2.26752444686813
-7.36443575964827,-2.16467560784878
-7.3400097703957,-2.04904753453079
-7.31558378114314,-1.92081088000915
-7.29115779189057,-1.78019942028012
-7.26673180263801,-1.62750952335051
-7.24230581338544,-1.46309929675324
-7.21787982413288,-1.28738741649529
-7.19345383488031,-1.10085164214072
-7.16902784562775,-0.904027024384714
-7.14460185637518,-0.697503813099955
-7.12017586712262,-0.481925075420883
-7.09574987787006,-0.257984034968803
-7.07132388861749,-0.0264211448034112
-7.04689789936493,0.211979091896148
-7.02247191011236,0.456391538070729
-6.99804592085979,0.705954059321388
-6.97361993160723,0.959771362949075
-6.94919394235466,1.2169190205987
-6.9247679531021,1.47644765461941
-6.90034196384953,1.73738726736124
-6.87591597459697,1.99875169184298
-6.85148998534441,2.25954314155594
-6.82706399609184,2.51875683660966
-6.80263800683928,2.77538568298861
-6.77821201758671,3.02842498137186
-6.75378602833415,3.27687714177197
-6.72936003908158,3.51975638018071
-6.70493404982902,3.75609337346091
-6.68050806057645,3.98493984890308
-6.65608207132389,4.20537308516641
-6.63165608207132,4.41650030174558
-6.60723009281876,4.61746291464937
-6.58280410356619,4.80744063663454
-6.55837811431363,4.98565540111267
-6.53395212506107,5.15137508972995
-6.5095261358085,5.30391704460615
-6.48510014655594,5.44265134730727
-6.46067415730337,5.5670038478066
-6.43624816805081,5.67645892795788
-6.41182217879824,5.77056198535479
-6.38739618954568,5.84892162487469
-6.36297020029311,5.91121154669596
-6.33854421104055,5.95717212112849
-6.31411822178798,5.98661164219597
-6.28969223253542,5.99940725355441
-6.26526624328285,5.99550554200228
-6.24084025403029,5.97492279555303
-6.21641426477772,5.93774492473197
-6.19198827552516,5.88412704751758
-6.1675622862726,5.81429274004241
-6.14313629702003,5.72853295689299
-6.11871030776746,5.62720462653671
-6.0942843185149,5.51072892906458
-6.06985832926233,5.37958926506439
-6.04543234000977,5.23432892601585
-6.0210063507572,5.07554847812253
-5.99658036150464,4.90390287295734
-5.97215437225208,4.72009829968733
-5.94772838299951,4.52488879495777
-5.92330239374695,4.31907262774376
-5.89887640449438,4.10348847761488
-5.87445041524182,3.87901142590069
-5.85002442598925,3.64654878018211
-5.82559843673669,3.40703575336723
-5.80117244748412,3.16143101932916
-5.77674645823156,2.91071216768905
-5.75232046897899,2.65587108081538
-5.72789447972643,2.39790925647522
-5.70346849047386,2.13783309981859
-5.6790425012213,1.876649208496
-5.65461651196873,1.61535967470468
-5.63019052271617,1.35495742783171
-5.60576453346361,1.09642164110858
-5.58133854421104,0.840713225319357
-5.55691255495848,0.588770432109735
-5.53248656570591,0.341504588833239
-5.50806057645335,0.0997959861467119
-5.48363458720078,-0.135510061268414
-5.45920859794822,-0.363606961423042
-5.43478260869565,-0.583730380778744
-5.41035661944309,-0.795161551788189
-5.38593063019052,-0.997230336180313
-5.36150464093796,-1.18931802926036
-5.33707865168539,-1.37085989187585
-5.31265266243283,-1.54134739814773
-5.28822667318027,-1.70033018857601
-5.2638006839277,-1.8474177196887
-5.23937469467513,-1.98228060300809
-5.21494870542257,-2.10465162774757
-5.19052271617,-2.21432646331732
-5.16609672691744,-2.31116403940104
-5.14167073766487,-2.3950866030569
-5.11724474841231,-2.46607945398702
-5.09281875915974,-2.52419036080185
-5.06839276990718,-2.56952866276816
-5.04396678065462,-2.60226406316624
-5.01954079140205,-2.6226251219814
-4.99511480214949,-2.63089745721106
-4.97068881289692,-2.62742166557197
-4.94626282364436,-2.61259097483483
-4.92183683439179,-2.58684864138875
-4.89741084513923,-2.5506851079371
-4.87298485588666,-2.50463493744448
-4.8485588666341,-2.44927354058294
-4.82413287738153,-2.38521371496089
-4.79970688812897,-2.31310201535293
-4.7752808988764,-2.23361497497941
-4.75085490962384,-2.14745519860639
-4.72642892037128,-2.05534734884556
-4.70200293111871,-1.95803404752784
-4.67757694186615,-1.85627171439938
-4.65315095261358,-1.75082636564479
-4.62872496336102,-1.64246939487721
-4.60429897410845,-1.53197335924732
-4.57987298485589,-1.42010779321595
-4.55544699560332,-1.30763507230513
-4.53102100635076,-1.19530634879452
-4.50659501709819,-1.08385758086478
-4.48216902784563,-0.97400567610896
-4.45774303859306,-0.866444769642489
-4.4333170493405,-0.761842656243311
-4.40889106008794,-0.660837395052319
-4.38446507083537,-0.564034104365554
-4.3600390815828,-0.472001962957636
-4.33561309233024,-0.38527143319817
-4.31118710307767,-0.304331719965798
-4.28676111382511,-0.22962847803336
-4.26233512457254,-0.161561779202408
-4.23790913531998,-0.100484349010814
-4.21348314606741,-0.0467000813333959
-4.18905715681485,-0.000462837650009096
-4.16463116756229,0.0380244638240117
-4.14020517830972,0.0686104655536077
-4.11577918905716,0.0911956926747095
-4.09135319980459,0.105732579215761
-4.06692721055203,0.112225199831391
-4.04250122129946,0.110728709944933
-4.0180752320469,0.10134849879239
-3.99364924279433,0.0842390614288029
-3.96922325354177,0.0596025972898848
-3.9447972642892,0.0276873443893297
-3.92037127503664,-0.0112143403329725
-3.89594528578407,-0.0567681426220578
-3.87151929653151,-0.10860018128154
-3.84709330727895,-0.166299612881161
-3.82266731802638,-0.22942143521855
-3.79824132877382,-0.297489472892442
-3.77381533952125,-0.369999527374757
-3.74938935026869,-0.446422673096949
-3.72496336101612,-0.526208680298137
-3.70053737176356,-0.608789544720612
-3.67611138251099,-0.693583103687978
-3.65168539325843,-0.779996717664097
-3.62725940400586,-0.867430996069264
-3.6028334147533,-0.955283545926902
-3.57840742550073,-1.04295272182806
-3.55398143624817,-1.12984135573494
-3.5295554469956,-1.21536044529693
-3.50512945774304,-1.29893277962164
-3.48070346849047,-1.37999648183043
-3.45627747923791,-1.45800844822653
-3.43185148998534,-1.53244766451554
-3.40742550073278,-1.60281838023628
-3.38299951148021,-1.66865312338192
-3.35857352222765,-1.72951553811309
-3.33414753297508,-1.78500302947967
-3.30972154372252,-1.83474920017159
-3.28529555446996,-1.87842606550528
-3.26086956521739,-1.9157460341137
-3.23644357596483,-1.94646364313916
-3.21201758671226,-1.97037703811951
-3.1875915974597,-1.98732918920484
-3.16316560820713,-1.99720883683333
-3.13873961895457,-1.99995116152463
-3.114313629702,-1.99553817400812
-3.08988764044944,-1.98399882348281
-3.06546165119687,-1.96540882339775
-3.04103566194431,-1.93989019573657
-3.01660967269174,-1.90761053637974
-2.99218368343918,-1.86878200569365
-2.96775769418661,-1.82366005004827
-2.94333170493405,-1.77254186148709
-2.91890571568149,-1.71576458425425
-2.89447972642892,-1.65370327831859
-2.87005373717636,-1.58676865141227
-2.84562774792379,-1.51540457241681
-2.82120175867123,-1.44008538017442
-2.79677576941866,-1.36131300296944
-2.7723497801661,-1.27961390500841
-2.74792379091353,-1.19553587722144
-2.72349780166097,-1.10964469060535
-2.6990718124084,-1.02252063112834
-2.67464582315584,-0.934754935908985
-2.65021983390327,-0.84694615096758
-2.62579384465071,-0.759696431321788
-2.60136785539814,-0.673607804556589
-2.57694186614558,-0.589278419241769
-2.55251587689301,-0.507298799694144
-2.52808988764045,-0.428248128587503
-2.50366389838788,-0.35269057880064
-2.47923790913532,-0.281171715661765
-2.45481191988275,-0.214214990399763
-2.43038593063019,-0.152318345148406
-2.40595994137762,-0.0959509492728858
-2.38153395212506,-0.0455500861016263
-2.3571079628725,-0.00151820835288607
-2.33268197361993,0.0357798203488546
-2.30825598436737,0.0660192814642822
-2.2838299951148,0.0889179397201021
-2.25940400586224,0.104238149331237
-2.23497801660967,0.111788715366626
-2.21055202735711,0.111426498684116
-2.18612603810454,0.103057754249239
-2.16170004885198,0.086639194100623
-2.13727405959941,0.0621787677232923
-2.11284807034685,0.0297361541323982
-2.08842208109428,-0.0105770384546719
-2.06399609184172,-0.0585973678783831
-2.03957010258916,-0.114109949131762
-2.01514411333659,-0.176849140565134
-1.99071812408403,-0.246499522850193
-1.96629213483146,-0.322697166735816
-1.9418661455789,-0.405031184028837
-1.91744015632633,-0.493045554661442
-1.89301416707377,-0.586241221169576
-1.8685881778212,-0.684078440414096
-1.84416218856864,-0.785979380935344
-1.81973619931607,-0.891330952950068
-1.79531021006351,-0.999487856685917
-1.77088422081094,-1.10977583350929
-1.74645823155838,-1.22149510314358
-1.72203224230581,-1.33392396920522
-1.69760625305325,-1.44632257430735
-1.67318026380068,-1.55793678510361
-1.64875427454812,-1.66800218687071
-1.62432828529555,-1.77574816656256
-1.59990229604299,-1.88040206271577
-1.57547630679042,-1.98119336014736
-1.55105031753786,-2.07735790706556
-1.52662432828529,-2.16814213201331
-1.50219833903273,-2.25280723798387
-1.47777234978017,-2.33063335109018
-1.4533463605276,-2.40092360133165
-1.42892037127504,-2.46300811328681
-1.40449438202247,-2.51624788496312
-1.38006839276991,-2.56003853355616
-1.35564240351734,-2.59381388750645
-1.33121641426478,-2.61704940498935
-1.30679042501221,-2.62926539982909
-1.28236443575965,-2.63003005678661
-1.25793844650708,-2.61896221922831
-1.23351245725452,-2.59573393333315
-1.20908646800195,-2.56007273423255
-1.18466047874939,-2.51176366079583
-1.16023448949683,-2.45065098716473
-1.13580850024426,-2.37663966059885
-1.1113825109917,-2.28969643670971
-1.08695652173913,-2.1898507047282
-1.06253053248657,-2.0771949970597
-1.038104543234,-1.95188517902388
-1.01367855398144,-1.81414031634481
-0.989252564728872,-1.66424221964163
-0.964826575476305,-1.50253466686133
-0.940400586223742,-1.32942230628703
-0.915974596971179,-1.14536924443296
-0.891548607718612,-0.950897324799543
-0.867122618466048,-0.746584105092857
-0.842696629213481,-0.533060542107387
-0.818270639960918,-0.311008395021787
-0.793844650708355,-0.081157359350963
-0.769418661455788,0.155718054766609
-0.744992672203225,0.398801884904236
-0.720566682950661,0.647240302975397
-0.696140693698094,0.900145408620706
-0.671714704445531,1.15659921070612
-0.647288715192964,1.41565777726751
-0.622862725940401,1.67635553331927
-0.598436736687837,1.93770968513717
-0.57401074743527,2.19872474892487
-0.549584758182707,2.458397161191
-0.52515876893014,2.71571994769746
-0.500732779677577,2.96968742749275
-0.476306790425014,3.21929992832306
-0.451880801172447,3.4635684896119
-0.427454811919883,3.70151952922544
-0.403028822667316,3.93219945038931
-0.378602833414753,4.15467916539401
-0.35417684416219,4.36805851312273
-0.329750854909623,4.57147054794817
-0.30532486565706,4.7640856781789
-0.280898876404493,4.94511563298225
-0.256472887151929,5.11381723756698
-0.232046897899366,5.26949597737382
-0.207620908646799,5.41150933308445
-0.183194919394236,5.53926986942032
-0.158768930141672,5.65224806195109
-0.134342940889105,5.74997484746416
-0.109916951636542,5.83204388485475
-0.0854909623839752,5.89811351497185
-0.0610649731314119,5.94790840939214
-0.0366389838788486,5.98122089968377
-0.0122129946262817,5.99791198035533
0.0122129946262817,5.99791198035533
0.0366389838788486,5.98122089968377
0.0610649731314119,5.94790840939214
0.0854909623839752,5.89811351497185
0.109916951636542,5.83204388485475
0.134342940889105,5.74997484746416
0.158768930141672,5.65224806195109
0.183194919394236,5.53926986942032
0.207620908646799,5.41150933308445
0.232046897899366,5.26949597737382
0.256472887151929,5.11381723756698
0.280898876404493,4.94511563298225
0.30532486565706,4.7640856781789
0.329750854909623,4.57147054794817
0.35417684416219,4.36805851312273
0.378602833414753,4.15467916539401
0.403028822667316,3.93219945038931
0.427454811919883,3.70151952922544
0.451880801172447,3.4635684896119
0.476306790425014,3.21929992832306
0.500732779677577,2.96968742749275
0.52515876893014,2.71571994769746
0.549584758182707,2.458397161191
0.57401074743527,2.19872474892487
0.598436736687837,1.93770968513717
0.622862725940401,1.67635553331927
0.647288715192964,1.41565777726751
0.671714704445531,1.15659921070612
0.696140693698094,0.900145408620706
0.720566682950661,0.647240302975397
0.744992672203225,0.398801884904236
0.769418661455788,0.155718054766609
0.793844650708355,-0.081157359350963
0.818270639960918,-0.311008395021787
0.842696629213481,-0.533060542107387
0.867122618466048,-0.746584105092857
0.891548607718612,-0.950897324799543
0.915974596971179,-1.14536924443296
0.940400586223742,-1.32942230628703
0.964826575476305,-1.50253466686133
0.989252564728872,-1.66424221964163
1.01367855398144,-1.81414031634481
1.038104543234,-1.95188517902388
1.06253053248657,-2.0771949970597
1.08695652173913,-2.1898507047282
1.1113825109917,-2.28969643670971
1.13580850024426,-2.37663966059885
1.16023448949683,-2.45065098716473
1.18466047874939,-2.51176366079583
1.20908646800195,-2.56007273423255
1.23351245725452,-2.59573393333315
1.25793844650708,-2.61896221922831
1.28236443575965,-2.63003005678661
1.30679042501221,-2.62926539982909
1.33121641426478,-2.61704940498935
1.35564240351734,-2.59381388750645
1.38006839276991,-2.56003853355616
1.40449438202247,-2.51624788496312
1.42892037127504,-2.46300811328681
1.4533463605276,-2.40092360133165
1.47777234978017,-2.33063335109018
1.50219833903273,-2.25280723798387
1.52662432828529,-2.16814213201331
1.55105031753786,-2.07735790706556
1.57547630679042,-1.98119336014736
1.59990229604299,-1.88040206271577
1.62432828529555,-1.77574816656256
1.64875427454812,-1.66800218687071
1.67318026380068,-1.55793678510361
1.69760625305325,-1.44632257430735
1.72203224230581,-1.33392396920522
1.74645823155838,-1.22149510314358
1.77088422081094,-1.10977583350929
1.79531021006351,-0.999487856685917
1.81973619931607,-0.891330952950068
1.84416218856864,-0.785979380935344
1.8685881778212,-0.684078440414096
1.89301416707377,-0.586241221169576
1.91744015632633,-0.493045554661442
1.9418661455789,-0.405031184028837
1.96629213483146,-0.322697166735816
1.99071812408403,-0.246499522850193
2.01514411333659,-0.176849140565134
2.03957010258916,-0.114109949131762
2.06399609184172,-0.0585973678783831
2.08842208109428,-0.0105770384546719
2.11284807034685,0.0297361541323982
2.13727405959941,0.0621787677232923
2.16170004885198,0.086639194100623
2.18612603810454,0.103057754249239
2.21055202735711,0.111426498684116
2.23497801660967,0.111788715366626
2.25940400586224,0.104238149331237
2.2838299951148,0.0889179397201021
2.30825598436737,0.0660192814642822
2.33268197361993,0.0357798203488546
2.3571079628725,-0.00151820835288607
2.38153395212506,-0.0455500861016263
2.40595994137762,-0.0959509492728858
2.43038593063019,-0.152318345148406
2.45481191988275,-0.214214990399763
2.47923790913532,-0.281171715661765
2.50366389838788,-0.35269057880064
2.52808988764045,-0.428248128587503
2.55251587689301,-0.507298799694144
2.57694186614558,-0.589278419241769
2.60136785539814,-0.673607804556589
2.62579384465071,-0.759696431321788
2.65021983390327,-0.84694615096758
2.67464582315584,-0.934754935908985
2.6990718124084,-1.02252063112834
2.72349780166097,-1.10964469060535
2.74792379091353,-1.19553587722144
2.7723497801661,-1.27961390500841
2.79677576941866,-1.36131300296944
2.82120175867123,-1.44008538017442
2.84562774792379,-1.51540457241681
2.87005373717636,-1.58676865141227
2.89447972642892,-1.65370327831859
2.91890571568149,-1.71576458425425
2.94333170493405,-1.77254186148709
2.96775769418661,-1.82366005004827
2.99218368343918,-1.86878200569365
3.01660967269174,-1.90761053637974
3.04103566194431,-1.93989019573657
3.06546165119687,-1.96540882339775
3.08988764044944,-1.98399882348281
3.114313629702,-1.99553817400812
3.13873961895457,-1.99995116152463
3.16316560820713,-1.99720883683333
3.1875915974597,-1.98732918920484
3.21201758671226,-1.97037703811951
3.23644357596483,-1.94646364313916
3.26086956521739,-1.9157460341137
3.28529555446996,-1.87842606550528
3.30972154372252,-1.83474920017159
3.33414753297508,-1.78500302947967
3.35857352222765,-1.72951553811309
3.38299951148021,-1.66865312338192
3.40742550073278,-1.60281838023628
3.43185148998534,-1.53244766451554
3.45627747923791,-1.45800844822653
3.48070346849047,-1.37999648183043
3.50512945774304,-1.29893277962164
3.5295554469956,-1.21536044529693
3.55398143624817,-1.12984135573494
3.57840742550073,-1.04295272182806
3.6028334147533,-0.955283545926902
3.62725940400586,-0.867430996069264
3.65168539325843,-0.779996717664097
3.67611138251099,-0.693583103687978
3.70053737176356,-0.608789544720612
3.72496336101612,-0.526208680298137
3.74938935026869,-0.446422673096949
3.77381533952125,-0.369999527374757
3.79824132877382,-0.297489472892442
3.82266731802638,-0.22942143521855
3.84709330727895,-0.166299612881161
3.87151929653151,-0.10860018128154
3.89594528578407,-0.0567681426220578
3.92037127503664,-0.0112143403329725
3.9447972642892,0.0276873443893297
3.96922325354177,0.0596025972898848
3.99364924279433,0.0842390614288029
4.0180752320469,0.10134849879239
4.04250122129946,0.110728709944933
4.06692721055203,0.112225199831391
4.09135319980459,0.105732579215761
4.11577918905716,0.0911956926747095
4.14020517830972,0.0686104655536077
4.16463116756229,0.0380244638240117
4.18905715681485,-0.000462837650009096
4.21348314606741,-0.0467000813333959
4.23790913531998,-0.100484349010814
4.26233512457254,-0.161561779202408
4.28676111382511,-0.22962847803336
4.31118710307767,-0.304331719965798
4.33561309233024,-0.38527143319817
4.3600390815828,-0.472001962957636
4.38446507083537,-0.564034104365554
4.40889106008794,-0.660837395052319
4.4333170493405,-0.761842656243311
4.45774303859306,-0.866444769642489
4.48216902784563,-0.97400567610896
4.50659501709819,-1.08385758086478
4.53102100635076,-1.19530634879452
4.55544699560332,-1.30763507230513
4.57987298485589,-1.42010779321595
4.60429897410845,-1.53197335924732
4.62872496336102,-1.64246939487721
4.65315095261358,-1.75082636564479
4.67757694186615,-1.85627171439938
4.70200293111871,-1.95803404752784
4.72642892037128,-2.05534734884556
4.75085490962384,-2.14745519860639
4.7752808988764,-2.23361497497941
4.79970688812897,-2.31310201535293
4.82413287738153,-2.38521371496089
4.8485588666341,-2.44927354058294
4.87298485588666,-2.50463493744448
4.89741084513923,-2.5506851079371
4.92183683439179,-2.58684864138875
4.94626282364436,-2.61259097483483
4.97068881289692,-2.62742166557197
4.99511480214949,-2.63089745721106
5.01954079140205,-2.6226251219814
5.04396678065462,-2.60226406316624
5.06839276990718,-2.56952866276816
5.09281875915974,-2.52419036080185
5.11724474841231,-2.46607945398702
5.14167073766487,-2.3950866030569
5.16609672691744,-2.31116403940104
5.19052271617,-2.21432646331732
5.21494870542257,-2.10465162774757
5.23937469467513,-1.98228060300809
5.2638006839277,-1.8474177196887
5.28822667318027,-1.70033018857601
5.31265266243283,-1.54134739814773
5.33707865168539,-1.37085989187585
5.36150464093796,-1.18931802926036
5.38593063019052,-0.997230336180313
5.41035661944309,-0.795161551788189
5.43478260869565,-0.583730380778744
5.45920859794822,-0.363606961423042
5.48363458720078,-0.135510061268414
5.50806057645335,0.0997959861467119
5.53248656570591,0.341504588833239
5.55691255495848,0.588770432109735
5.58133854421104,0.840713225319357
5.60576453346361,1.09642164110858
5.63019052271617,1.35495742783171
5.65461651196873,1.61535967470468
5.6790425012213,1.876649208496
5.70346849047386,2.13783309981859
5.72789447972643,2.39790925647522
5.75232046897899,2.65587108081538
5.77674645823156,2.91071216768905
5.80117244748412,3.16143101932916
5.82559843673669,3.40703575336723
5.85002442598925,3.64654878018211
5.87445041524182,3.87901142590069
5.89887640449438,4.10348847761488
5.92330239374695,4.31907262774376
5.94772838299951,4.52488879495777
5.97215437225208,4.72009829968733
5.99658036150464,4.90390287295734
6.0210063507572,5.07554847812253
6.04543234000977,5.23432892601585
6.06985832926233,5.37958926506439
6.0942843185149,5.51072892906458
6.11871030776746,5.62720462653671
6.14313629702003,5.72853295689299
6.1675622862726,5.81429274004241
6.19198827552516,5.88412704751758
6.21641426477772,5.93774492473197
6.24084025403029,5.97492279555303
6.26526624328285,5.99550554200228
6.28969223253542,5.99940725355441
6.31411822178798,5.98661164219597
6.33854421104055,5.95717212112849
6.36297020029311,5.91121154669596
6.38739618954568,5.84892162487469
6.41182217879824,5.77056198535479
6.43624816805081,5.67645892795788
6.46067415730337,5.5670038478066
6.48510014655594,5.44265134730727
6.5095261358085,5.30391704460615
6.53395212506107,5.15137508972995
6.55837811431363,4.98565540111267
6.58280410356619,4.80744063663454
6.60723009281876,4.61746291464937
6.63165608207132,4.41650030174558
6.65608207132389,4.20537308516641
6.68050806057645,3.98493984890308
6.70493404982902,3.75609337346091
6.72936003908158,3.51975638018071
6.75378602833415,3.27687714177197
6.77821201758671,3.02842498137186
6.80263800683928,2.77538568298861
6.82706399609184,2.51875683660966
6.85148998534441,2.25954314155594
6.87591597459697,1.99875169184298
6.90034196384953,1.73738726736124
6.9247679531021,1.47644765461941
6.94919394235466,1.2169190205987
6.97361993160723,0.959771362949075
6.99804592085979,0.705954059321388
7.02247191011236,0.456391538070729
7.04689789936492,0.211979091896188
7.07132388861749,-0.026421144803441
7.09574987787006,-0.257984034968803
7.12017586712262,-0.481925075420883
7.14460185637518,-0.697503813099955
7.16902784562775,-0.904027024384689
7.19345383488032,-1.10085164214075
7.21787982413288,-1.28738741649532
7.24230581338544,-1.46309929675324
7.26673180263801,-1.62750952335051
7.29115779189057,-1.7801994202801
7.31558378114314,-1.92081088000916
7.3400097703957,-2.04904753453081
7.36443575964827,-2.16467560784878
7.38886174890083,-2.26752444686813
7.41328773815339,-2.35748672935502
7.43771372740596,-2.43451834932044
7.46213971665853,-2.49863798186968
7.48656570591109,-2.54992633123316
7.51099169516365,-2.58852506734262
7.53541768441622,-2.61463545793595
7.55984367366878,-2.62851670475084
7.58426966292135,-2.63048399389628
7.60869565217391,-2.62090627196345
7.63312164142648,-2.60020376084463
7.65754763067904,-2.56884522556461
7.6819736199316,-2.52734501068586
7.70639960918417,-2.47625986201973
7.73082559843674,-2.41618555145551
7.7552515876893,-2.34775332370149
7.77967757694186,-2.27162618461229
7.80410356619443,-2.18849505154935
7.828529555447,-2.09907478688416
7.85295554469956,-2.00410013630153
7.87738153395212,-1.90432159399094
7.90180752320469,-1.80050121712677
7.92623351245725,-1.69340841222863
7.95065950170982,-1.58381571606333
7.97508549096239,-1.47249459369874
7.99951148021495,-1.36021127614602
8.02393746946751,-1.24772265973525
8.04836345872008,-1.1357722889572
8.07278944797265,-1.02508644397803
8.09721543722521,-0.916370353393578
8.12164142647777,-0.810304552040864
8.14606741573034,-0.707541402831265
8.1704934049829,-0.608701800614711
8.19491939423547,-0.514372075035826
8.21934538348803,-0.425101108204583
8.2437713727406,-0.341397681782432
8.26819736199316,-0.263728066788573
8.29262335124572,-0.192513868063715
8.31704934049829,-0.128130133901457
8.34147532975086,-0.0709037398756841
8.36590131900342,-0.0211120543648167
8.39032730825598,0.0210181082901983
8.41475329750855,0.0553112426513043
8.43917928676112,0.0816436123424251
8.46360527601368,0.0999434143974665
8.48803126526624,0.110190648320026
8.51245725451881,0.112416691998482
8.53688324377137,0.106703588226483
8.56130923302393,0.0931830471609967
8.5857352222765,0.0720351716001055
8.61016121152907,0.0434869134720512
8.63458720078163,0.00781027138732626
8.65901319003419,-0.0346797594904847
8.68343917928676,-0.0836274726602203
8.70786516853933,-0.13863895672213
8.73229115779189,-0.199284807987806
8.75671714704445,-0.265103033104014
8.78114313629702,-0.335602124518595
8.80556912554958,-0.410264290699008
8.82999511480215,-0.488548822196593
8.85442110405472,-0.569895573937689
8.87884709330728,-0.653728543520439
8.90327308255984,-0.739459524804812
8.92769907181241,-0.826491815708472
8.95212506106498,-0.914223958861853
8.97655105031754,-1.00205349363496
9.0009770395701,-1.08938069802698
9.02540302882267,-1.17561229900558
9.04982901807523,-1.26016513009882
9.0742550073278,-1.34246971537366
9.09868099658036,-1.42197375938222
9.12310698583293,-1.49814552321647
9.14753297508549,-1.57047706748018
9.17195896433805,-1.63848734376161
9.19638495359062,-1.70172511706618
9.22081094284319,-1.75977170263974
9.24523693209575,-1.81224350167701
9.26966292134831,-1.85879432155739
9.29408891060088,-1.89911746747797
9.31851489985345,-1.9329475936528
9.34294088910601,-1.96006230361166
9.36736687835857,-1.98028349055359
9.39179286761114,-1.99347841018167
9.4162188568637,-1.99956047995851
9.44064484611627,-1.99848980026845
9.46507083536883,-1.99027339454313
9.4894968246214,-1.97496516699464
9.51392281387396,-1.95266557819478
9.53834880312652,-1.92352104033249
9.56277479237909,-1.88772303556476
9.58720078163166,-1.8455069624407
9.61162677088422,-1.79715071691574
9.63605276013678,-1.74297301597458
9.66047874938935,-1.68333147333831
9.68490473864191,-1.61862043813739
9.70933072789448,-1.54926860877679
9.73375671714705,-1.47573643549918
9.75818270639961,-1.39851332635519
9.78260869565217,-1.31811467241448
9.80703468490474,-1.2350787090867
9.83146067415731,-1.14996323136592
9.85588666340987,-1.0633421816576
9.88031265266243,-0.975802129590026
9.904738641915,-0.887938663849059
9.92916463116756,-0.800352716600451
9.95359062042013,-0.713646841476935
9.97801660967269,-0.62842146640448
10.0024425989253,-0.545271142721208
10.0268685881778,-0.464780812104755
10.0512945774304,-0.387522112765295
10.075720566683,-0.314049746185816
10.1001465559355,-0.244897925397226
10.1245725451881,-0.180576925365129
10.1489985344406,-0.121569755541588
10.1734245236932,-0.0683289739985189
10.1978505129458,-0.0212736618160858
10.2222765021983,0.0192134244485209
10.2467024914509,0.052788505334187
10.2711284807035,0.0791492202546427
10.295554469956,0.0980368437779382
10.3199804592086,0.109238262915106
10.3444064484612,0.112587703216567
10.3688324377137,0.107968192834307
10.3932584269663,0.0953127551291852
10.4176844162189,0.074605321878777
10.4421104054714,0.0458813606633406
10.466536394724,0.00922821156817677
10.4909623839766,-0.0352148700692732
10.5153883732291,-0.0872569665273878
10.5398143624817,-0.146656046219575
10.5642403517342,-0.213119806273157
10.5886663409868,-0.286306805953862
10.6130923302394,-0.365827886113897
10.6375183194919,-0.451247868255151
10.6619443087445,-0.542087525245524
10.6863702979971,-0.637825814211507
10.7107962872496,-0.737902360663913
10.7352222765022,-0.841720181503249
10.7596482657548,-0.94864863320533
10.7840742550073,-1.05802657021163
10.8085002442599,-1.16916569735275
10.8329262335125,-1.2813540990207
10.857352222765,-1.39385992678433
10.8817782120176,-1.50593522621819
10.9062042012701,-1.61681988289117
10.9306301905227,-1.7257456667455
10.9550561797753,-1.83194035348999
10.9794821690278,-1.93463190113872
11.0039081582804,-2.03305265945143
11.028334147533,-2.12644358977326
11.0527601367855,-2.21405847263654
11.0771861260381,-2.29516808047086
11.1016121152907,-2.36906429287437
11.1260381045432,-2.43506413212712
11.1504640937958,-2.49251369697413
11.1748900830484,-2.54079197317299
11.1993160723009,-2.57931449988294
11.2237420615535,-2.60753687166784
11.2481680508061,-2.62495805669149
11.2725940400586,-2.63112351259435
11.2970200293112,-2.62562808255273
11.3214460185638,-2.60811865512952
11.3458720078163,-2.57829657272216
11.3702979970689,-2.53591977469538
11.3947239863214,-2.48080466264362
11.419149975574,-2.41282767665584
11.4435759648266,-2.3319265729454
11.4680019540791,-2.23810139475207
11.4924279433317,-2.1314151300132
11.5168539325843,-2.01199405093054
11.5412799218368,-1.8800277322157
11.5657059110894,-1.73576874647606
11.590131900342,-1.57953203689253
11.6145578895945,-1.41169396903194
11.6389838788471,-1.23269106532439
11.6634098680997,-1.04301842740456
11.6878358573522,-0.843227853163588
11.7122618466048,-0.633925656970829
11.7366878358574,-0.415770203096169
11.7611138251099,-0.18946916388647
11.7855398143625,0.0442234842880995
11.809965803615,0.284510712903449
11.8343917928676,0.530555925228402
11.8588177821202,0.781486655366387
11.8832437713727,1.03639846425407
11.9076697606253,1.29435901341357
11.9320957498779,1.55441229629274
11.9565217391304,1.81558300616721
11.980947728383,2.07688101882624
12.0053737176356,2.33730596762861
12.0297997068881,2.59585188799011
12.0542256961407,2.85151190796489
12.0786516853933,3.10328296130086
12.1030776746458,3.35017049919165
12.1275036638984,3.59119317691584
12.151929653151,3.82538749164254
12.1763556424035,4.05181234789977
12.2007816316561,4.26955352753851
12.2252076209086,4.47772804148421
12.2496336101612,4.675488341147
12.2740595994138,4.86202636805302
12.2984855886663,5.03657742106804
12.3229115779189,5.19842382149715
12.3473375671715,5.34689835736231
12.371763556424,5.4813874892762
12.3961895456766,5.60133430153694
12.4206155349292,5.70624118336389
12.4450415241817,5.79567222656705
12.4694675134343,5.86925532738774
12.4938935026869,5.92668398175744
12.5183194919394,5.96771876478815
12.542745481192,5.99218848692137
12.5671714704446,5.99999102082566
12.5915974596971,5.9910937947473
12.6160234489497,5.96553394997212
12.6404494382022,5.92341816128687
12.6648754274548,5.86492212166252
12.6893014167074,5.79028969361798
12.7137274059599,5.69983173166919
12.7381533952125,5.59392458188221
12.7625793844651,5.473008266212
12.7870053737176,5.33758436091689
12.8114313629702,5.18821357990281
12.8358573522228,5.02551307535632
12.8602833414753,4.85015346946662
12.8847093307279,4.66285563240318
12.9091353199805,4.46438722300676
12.933561309233,4.25555900985108
12.9579872984856,4.03722099144352
12.9824132877382,3.81025833534384
13.0068392769907,3.57558715688637
13.0312652662433,3.3341501589919
13.0556912554958,3.08691215523969
13.0801172447484,2.83485549894155
13.104543234001,2.57897544141097
13.1289692232535,2.3202754429488
13.1533952125061,2.059762460276
13.1778212017587,1.79844223422461
13.2022471910112,1.53731460145774
13.2266731802638,1.27736885382365
13.2510991695164,1.01957916865935
13.2755251587689,0.764900132951102
13.2999511480215,0.5142623837278
13.3243771372741,0.268568386418887
13.3488031265266,0.0286883721503626
13.3732291157792,-0.204543545915856
13.3976551050318,-0.430333058062568
13.4220810942843,-0.647929127253053
13.4465070835369,-0.85662722521841
13.4709330727894,-1.05577231974218
13.495359062042,-1.24476159881865
13.5197850512946,-1.42304691876112
13.5442110405471,-1.59013696480638
13.5686370297997,-1.7455991142857
13.5930630190523,-1.88906099400715
13.6174890083048,-2.020211725111
13.6419149975574,-2.13880285030628
13.66634098681,-2.24464894007003
13.6907669760625,-2.33762787607633
13.7151929653151,-2.41768081181494
13.7396189545677,-2.48481181204856
13.7640449438202,-2.53908717443438
13.7884709330728,-2.58063443829202
13.8128969223254,-2.60964108712598
13.8373229115779,-2.62635295309818
13.8617489008305,-2.63107233318774
13.886174890083,-2.62415582826063
13.9106008793356,-2.60601191769549
13.9350268685882,-2.57709828356488
13.9594528578407,-2.53791889964697
13.9838788470933,-2.48902090173433
14.0083048363459,-2.43099125680805
14.0327308255984,-2.36445324965087
14.057156814851,-2.29006280637723
14.0815828041036,-2.20850467515666
14.1060087933561,-2.12048848509525
14.1304347826087,-2.02674470481467
14.1548607718613,-1.92802052272754
14.1792867611138,-1.82507567134669
14.2037127503664,-1.71867821818647
14.228138739619,-1.60960034591213
14.2525647288715,-1.4986141443698
14.2769907181241,-1.38648743698585
14.3014167073766,-1.27397966375852
14.3258426966292,-1.1618378426819
14.3502686858818,-1.05079263094203
14.3746946751343,-0.941554506610837
14.3991206643869,-0.834810090840825
14.4235466536395,-0.731218629732775
14.447972642892,-0.631408654117888
14.4723986321446,-0.535974834468598
14.4968246213972,-0.445475047033579
14.5212506106497,-0.360427666091298
14.5456765999023,-0.281309095935216
14.5701025891549,-0.208551554853577
14.5945285784074,-0.142541121952495
14.61895456766,-0.0836160562008252
14.6433805569126,-0.0320653955588289
14.6678065461651,0.0118721575048246
14.6922325354177,0.0480090593900995
14.7166585246703,0.0762094545287575
14.7410845139228,0.096389408848895
14.7655105031754,0.108516847683428
14.7899364924279,0.1126111998888
14.8143624816805,0.108742751550383
14.8387884709331,0.0970317142397303
14.8632144601856,0.0776470143471157
14.8876404494382,0.0508048115323299
14.9120664386908,0.0167667558092539
14.9364924279433,-0.0241620058026403
14.9609184171959,-0.0716350607716487
14.9853444064485,-0.125267187118506
15.009770395701,-0.184637019270707
15.0341963849536,-0.249289907799079
15.0586223742062,-0.318740956093846
15.0830483634587,-0.392478216096066
15.1074743527113,-0.469966024359099
15.1319003419638,-0.550648458978375
15.1563263312164,-0.633952897298352
15.180752320469,-0.719293653789385
15.2051783097215,-0.806075677084047
15.2296042989741,-0.893698284876211
15.2540302882267,-0.981558915218116
15.2784562774792,-1.06905687270019
15.3028822667318,-1.15559704806816
15.3273082559844,-1.24059359001904
15.3517342452369,-1.32347350822226
15.3761602344895,-1.4036801870328
15.4005862237421,-1.48067678989584
15.4250122129946,-1.55394953508644
15.4494382022472,-1.62301082417766
15.4738641914998,-1.68740220548237
15.4982901807523,-1.7466971556649
15.5227161700049,-1.8005036637599
15.5471421592574,-1.84846660296579
15.57156814851,-1.89026987678888
15.5959941377626,-1.92563832739761
15.6204201270151,-1.95433939539629
15.6448461162677,-1.97618452163629
15.6692721055203,-1.99103028314376
15.6936980947728,-1.9987792567465
15.7181240840254,-1.99938060552215
15.742550073278,-1.99283038475576
15.7669760625305,-1.97917156567901
15.7914020517831,-1.95849377685696
15.8158280410357,-1.93093276468282
15.8402540302882,-1.89666957602749
15.8646800195408,-1.85592946766005
15.8891060087934,-1.80898054860041
15.9135319980459,-1.75613216307501
15.9379579872985,-1.69773302321551
15.9623839765511,-1.63416910205845
15.9868099658036,-1.5658612987639
16.0112359550562,-1.49326288926641
16.0356619443087,-1.41685677679335
16.0600879335613,-1.33715255782907
16.0845139228139,-1.25468342016016
16.1089399120664,-1.17000289060365
16.133365901319,-1.08368145088813
16.1577918905716,-0.996303040926288
16.1822178798241,-0.908461469378285
16.2066438690767,-0.820756751957463
16.2310698583293,-0.733791398369773
16.2554958475818,-0.648166669101746
16.2799218368344,-0.564478823480003
16.304347826087,-0.4833153805135
16.3287738153395,-0.405251414000347
16.3531998045921,-0.330845903232497
16.3776257938447,-0.260638160364603
16.4020517830972,-0.195144355130819
16.4264777723498,-0.134854157094617
16.4509037616023,-0.0802275150070996
16.4753297508549,-0.0316915921303355
16.4997557401075,0.0103621244420484
16.52418172936,0.0455805233587636
16.5486077186126,0.0736513613919716
16.5730337078652,0.094305533648545
16.5974596971177,0.107319107829404
16.6218856863703,0.112515110027764
16.6463116756229,0.109765050900723
16.6707376648754,0.0989901824565349
16.695163654128,0.0801624771635931
16.7195896433806,0.053305322599476
16.7440156326331,0.0184939264106228
16.7684416218857,-0.0241445720624811
16.7928676111382,-0.0744312855325633
16.8172936003908,-0.132136058301323
16.8417195896434,-0.196978240372141
16.8661455788959,-0.26862775330409
16.8905715681485,-0.346706443358616
16.9149975574011,-0.430789715899025
16.9394235466536,-0.520408443440229
16.9638495359062,-0.615051138221602
16.9882755251588,-0.714166378698098
17.0127015144113,-0.817165477919651
17.0371275036639,-0.923425380407966
17.0615534929165,-1.03229177284667
17.085979482169,-1.14308239268515
17.1104054714216,-1.25509051762361
17.1348314606742,-1.36758861790441
17.1592574499267,-1.47983215238611
17.1836834391793,-1.59106348853028
17.2081094284319,-1.70051592568891
17.2325354176844,-1.80741780044793
17.256961406937,-1.91099665226311
17.2813873961895,-2.01048342722091
17.3058133854421,-2.10511669747242
17.3302393746947,-2.1941468737233
17.3546653639472,-2.27684038811893
17.3790913531998,-2.35248382494227
17.4035173424524,-2.42038797674061
17.4279433317049,-2.47989180381773
17.4523693209575,-2.53036627546645
17.4767953102101,-2.57121807187205
17.5012212994626,-2.60189312628702
17.5256472887152,-2.62187998785725
17.5500732779678,-2.63071298636691
17.5744992672203,-2.62797518115811
17.5989252564729,-2.61330107756698
17.6233512457255,-2.58637909539486
17.647777234978,-2.54695377519548
17.6722032242306,-2.49482770949936
17.6966292134831,-2.42986318750881
17.7210552027357,-2.35198354327309
17.7454811919883,-2.26117419888518
17.7699071812408,-2.15748339582265
17.7943331704934,-2.041022609175
17.818759159746,-1.91196664115157
17.8431851489985,-1.7705533919385
17.8676111382511,-1.61708330766007
17.8920371275037,-1.45191850689355
17.9164631167562,-1.27548158887369
17.9408891060088,-1.08825412819821
17.9653150952614,-0.890774862499043
17.9897410845139,-0.683637581164239
18.0141670737665,-0.4674887247798
18.0385930630191,-0.243024706492894
18.0630190522716,-0.0109889679767468
18.0874450415242,0.227831215908438
18.1118710307767,0.472608168323714
18.1362970200293,0.722477460828047
18.1607230092819,0.976541765047735
18.1851489985344,1.23387488667572
18.209574987787,1.49352596185069
18.2340009770396,1.75452379508064
18.2584269662921,2.01588131710003
18.2828529555447,2.27660014038291
18.3072789447973,2.53567518948722
18.3317049340498,2.7920993829745
18.3561309233024,3.04486834333952
18.380556912555,3.29298511119953
18.4049829018075,3.53546483992815
18.4294088910601,3.77133944698301
18.4538348803127,3.99966219836084
18.4782608695652,4.21951220292324
18.5026868588178,4.42999879376817
18.5271128480703,4.63026577437057
18.5515388373229,4.81949550788468
18.5759648265755,4.99691282877957
18.600390815828,5.16178875686902
18.6248168050806,5.31344399479142
18.6492427943332,5.45125219108767
18.6736687835857,5.57464295221293
18.6980947728383,5.68310458809229
18.7225207620909,5.77618657718443
18.7469467513434,5.85350173844974
18.771372740596,5.91472809910906
18.7957987298486,5.95961044863775
18.8202247191011,5.9879615710404
18.8446507083537,5.99966314909993
18.8690766976063,5.99466633596098
18.8935026868588,5.97299199115117
18.9179286761114,5.93473057977871
18.942354665364,5.88004173547956
18.9667806546165,5.80915348931418
18.9912066438691,5.7223611685773
19.0156326331216,5.62002597115429
19.0400586223742,5.50257322272293
19.0644846116268,5.37049032571873
19.0889106008793,5.22432441055764
19.1133365901319,5.06467970112887
19.1377625793845,4.89221460802737
19.162188568637,4.70763856438101
19.1866145578896,4.51170862043522
19.2110405471422,4.30522581428071
19.2354665363947,4.08903133724181
19.2598925256473,3.86400251347658
19.2843185148999,3.63104861427341
19.3087445041524,3.39110652835174
19.333170493405,3.14513631018854
19.3575964826575,2.89411662898975
19.3820224719101,2.63904014140375
19.4064484611627,2.38090881143475
19.4308744504152,2.12072920124688
19.4553004396678,1.85950775666336
19.4797264289204,1.59824611115237
19.5041524181729,1.337936431953
19.5285784074255,1.07955683173762
19.5530043966781,0.824066868822136
19.5774303859306,0.572403158435469
19.6018563751832,0.325475116941365
19.6262823644358,0.0841608601712496
19.6507083536883,-0.150696723811867
19.6751343429409,-0.378293708148475
19.6995603321935,-0.597868648491954
19.723986321446,-0.808705875009318
19.7484123106986,-1.01013853912065
19.7728382999511,-1.20155140033454
19.7972642892037,-1.38238333992395
19.8216902784563,-1.55212958963945
19.8461162677088,-1.71034366516882
19.8705422569614,-1.85663899561745
19.894968246214,-1.99069024188847
19.9193942354665,-2.11223429848519
19.9438202247191,-2.2210709749241
19.9682462139717,-2.3170633546309
19.9926722032242,-2.4001378308844
20.0170981924768,-2.47028382106273
20.0415241817294,-2.52755316212791
20.0659501709819,-2.57205919194633
20.0903761602345,-2.60397552267601
20.1148021494871,-2.62353451404998
20.1392281387396,-2.63102545593678
20.1636541279922,-2.62679247105944
20.1880801172448,-2.61123215019253
20.2125061064973,-2.58479093352712
20.2369320957499,-2.54796225318802
20.2613580850024,-2.5012834530993
20.285784074255,-2.44533250351757
20.3102100635076,-2.38072452858049
20.3346360527601,-2.30810816614665
20.3590620420127,-2.22816178002636
20.3834880312653,-2.14158954541714
20.4079140205178,-2.04911742896003
20.4323400097704,-1.95148908531791
20.456765999023,-1.84946169254569
20.4811919882755,-1.74380174876957
20.5056179775281,-1.63528085281906
20.5300439667807,-1.52467149146137
20.5544699560332,-1.41274285577072
20.5788959452858,-1.30025670892858
20.6033219345384,-1.18796332739497
20.6277479237909,-1.07659753691702
20.6521739130435,-0.966874864255232
20.676599902296,-0.859487824807614
20.7010258915486,-0.755102365507958
20.7254518808012,-0.65435448146581
20.7498778700537,-0.55784702381033
20.7743038593063,-0.466146715103338
20.7987298485589,-0.379781387503063
20.8231558378114,-0.299237457597908
20.847581827064,-0.224957650494651
20.8720078163166,-0.157338984344904
20.8964338055691,-0.0967310250371188
20.9208597948217,-0.0434344192735352
20.9452857840743,0.00230028729615928
20.9697117733268,0.0402735417937767
20.9941377625794,0.0703373821989786
21.0185637518319,0.0923957399379611
21.0429897410845,0.106404446737289
21.0674157303371,0.112370947130529
21.0918417195896,0.110353719619652
21.1162677088422,0.100461411087663
21.1406936980948,0.0828516906249954
21.1651196873473,0.0577298304616034
21.1895456765999,0.0253470231808817
21.2139716658525,-0.0140015541772144
21.238397655105,-0.0599789171463457
21.2628236443576,-0.112208678717212
21.2872496336102,-0.170277667567557
21.3116756228627,-0.233738743986676
21.3361016121153,-0.302113796785161
21.3605276013679,-0.374896903516841
21.3849535906204,-0.451557635475182
21.409379579873,-0.53154448816442
21.4338055691255,-0.614288417291912
21.4582315583781,-0.699206459784667
21.4826575476307,-0.785705418903291
21.5070835368832,-0.873185592213525
21.5315095261358,-0.961044520978496
21.5559355153884,-1.04868073945826
21.5803615046409,-1.13549750264398
21.6047874938935,-1.2209064711139
21.6292134831461,-1.3043313319764
21.6536394723986,-1.38521133525765
21.6780654616512,-1.4630047255997
21.7024914509038,-1.53719204975209
21.7269174401563,-1.60727932106576
21.7513434294089,-1.67280102302705
21.7757694186615,-1.73332293479669
21.800195407914,-1.78844476274052
21.8246213971666,-1.83780256304758
21.8490473864192,-1.88107094172243
21.8734733756717,-1.91796501950552
21.8978993649243,-1.94824215060934
21.9223253541768,-1.97170338555504
21.9467513434294,-1.98819466984265
21.971177332682,-1.99760777168304
21.9956033219345,-1.99988093355133
22.0200293111871,-1.99499924388205
22.0444553004397,-1.98299472680712
22.0688812896922,-1.96394614942989
22.0933072789448,-1.93797854772358
22.1177332681974,-1.90526247373132
22.1421592574499,-1.86601296831972
22.1665852467025,-1.82048826528848
22.1910112359551,-1.76898823415803
22.2154372252076,-1.71185257043615
22.2398632144602,-1.64945874359494
22.2642892037127,-1.58221971436438
22.2887151929653,-1.51058143425925
22.3131411822179,-1.4350201414959
22.3375671714704,-1.35603946861783
22.361993160723,-1.2741673782262
22.3864191499756,-1.18995294420004
22.4108451392281,-1.10396299668213
22.4352711284807,-1.01677864989892
22.4596971177333,-0.928991732568991
22.4841231069858,-0.841201141233019
22.5085490962384,-0.754009137303345
22.532975085491,-0.66801760898376
22.5574010747435,-0.583824319443667
22.5818270639961,-0.502019162748149
22.6062530532487,-0.42318044904341
22.6306790425012,-0.347871240375671
22.6551050317538,-0.276635758283466
22.6795310210063,-0.20999588394615
22.7039570102589,-0.148447771200653
22.7283829995115,-0.0924585921542366
22.752808988764,-0.0424634344270614
22.7772349780166,0.00113763174107895
22.8016609672692,0.0379822991873597
22.8260869565217,0.067748565991619
22.8505129457743,0.0901570588669167
22.8749389350269,0.104973123706698
22.8993649242794,0.112008670475148
22.923790913532,0.111123760955549
22.9482169027846,0.102227929264643
22.9726428920371,0.08528122649254
22.9970688812897,0.0602949823292471
23.0214948705423,0.0273322780827461
23.0459208597948,-0.0134918729291025
23.0703468490474,-0.0620106400278212
23.0947728383,-0.118005785660408
23.1191988275525,-0.1812083708913
23.1436248168051,-0.251299753442733
23.1680508060576,-0.327912874210547
23.1924767953102,-0.410633826584821
23.2169027845628,-0.499003701334611
23.2413287738153,-0.592520698282508
23.2657547630679,-0.690642494503955
23.2901807523205,-0.792788857349756
23.314606741573,-0.898344489212496
23.3390327308256,-1.00666208964828
23.3634587200782,-1.11706561923113
23.3878847093307,-1.22885374836423
23.4123106985833,-1.34130347320816
23.4367366878359,-1.45367387991562
23.4611626770884,-1.56521003749108
23.485588666341,-1.67514699882659
23.5100146555936,-1.78271388880775
23.5344406448461,-1.88713805783606
23.5588666340987,-1.98764927868496
23.5832926233512,-2.08348396429295
23.6077186126038,-2.17388938390443
23.6321446018564,-2.2581278548974
23.6565705911089,-2.33548088768534
23.6809965803615,-2.40525326125322
23.7054225696141,-2.46677700717794
23.7298485588666,-2.51941528039545
23.7542745481192,-2.56256609550509
23.7787005373718,-2.59566590804467
23.8031265266243,-2.61819302092488
23.8275525158769,-2.62967079707373
23.8519785051295,-2.62967066030699
23.876404494382,-2.61781486750462
23.9008304836346,-2.59377903632876
23.9252564728871,-2.55729441396219
23.9496824621397,-2.50814987366877
23.9741084513923,-2.44619362737322
23.9985344406448,-2.3713346439195
24.0229604298974,-2.28354376418723
24.04738641915,-2.18285450581488
24.0718124084025,-2.06936355189091
24.0962383976551,-1.94323091961879
24.1206643869077,-1.80467980663112
24.1450903761602,-1.6539961143144
24.1695163654128,-1.49152764919697
24.1939423546654,-1.31768300514342
24.2183683439179,-1.13293013077757
24.2427943331705,-0.937794588213625
24.2672203224231,-0.732857510807073
24.2916463116756,-0.518753269226917
24.3160723009282,-0.296166856698119
24.3404982901808,-0.0658310057547649
24.3649242794333,0.171476949726837
24.3893502686859,0.414938452085119
24.4137762579384,0.663697320609284
24.438202247191,0.916863557844589
24.4626282364436,1.17351734274903
24.4870542256961,1.43271319097415
24.5114802149487,1.6934842616306
24.5359062042013,1.9548467890994
24.5603321934538,2.21580461775702
24.5847581827064,2.47535381690672
24.609184171959,2.73248735274955
24.6336101612115,2.98619979389262
24.6580361504641,3.23549202667426
24.6824621397167,3.47937595649678
24.7068881289692,3.71687917138924
24.7313141182218,3.94704954417934
24.7557401074744,4.16895974993565
24.7801660967269,4.38171167574167
24.8045920859795,4.58444070038819
24.829018075232,4.77631982220908
24.8534440644846,4.95656361404008
24.8778700537372,5.12443198514509
24.9022960429897,5.27923373092312
24.9267220322423,5.420329852281
24.9511480214949,5.54713662772177
24.9755740107474,5.65912842245356
25,5.75584022016067
